name,summary,introduction,open_time,district,address,tel,category,consume,seg,cate
廣興肉脯店,肉干利用整塊原肉切片，配合熬煮4小時的秘方醬料一起醃製，經過一整晚後透過陽光的曝曬和含有些許蜜香的龍眼木炭文火炭烤下，呈現出南台灣艷陽特有的色澤與滋味。肉酥主要用慢慢的火把豬肉熬到糜爛而不是用粉來假裝酥脆，因為絕頂的肉酥是酥而不是脆。,肉干利用整塊原肉切片，配合熬煮4小時的秘方醬料一起醃製，經過一整晚後透過陽光的曝曬和含有些許蜜香的龍眼木炭文火炭烤下，呈現出南台灣艷陽特有的色澤與滋味。肉酥主要用慢慢的火把豬肉熬到糜爛而不是用粉來假裝酥脆，因為絕頂的肉酥是酥而不是脆。,週一~週日08:00~20:00,中西區,700 臺南市中西區府前路一段90巷62號,-2226567,伴手好禮,美食,"['整塊', '原肉', '醬料', '經過', '過陽光', '曝曬', '許蜜香', '龍眼', '現出', '灣艷陽', '色澤', '豬肉', '糜爛', '用粉', '假裝', '因為', '絕頂', '整晚', '南台', '酥脆', '肉干', '火炭', '秘方', '切片', '木炭', '火把', '滋味', '不是', '特有', '配合', '慢慢', '利用', '一起', '有些', '主要']",伴手好禮
不老莊藥膳香腸,藥膳香腸調理上加養生藥材，以溫體豬肉現做，讓藥食同源呈現健康概念，更能讓肉質更Q嫩鮮美，具有古早味，吃起來有特殊口感。藥膳香腸吃起來有古早味香氣，咀嚼大塊肉口感，爽口不油膩！,"1989年不老莊萌芽於南門路&rdquo;全台首學&rdquo;孔子廟對面，府中老街商圈入口處。以46種養生中藥香草加58度金門高梁酒，取現宰之鮮活前後腿溫體豬肉，角切大塊肉，不加防腐劑也不加色素、粉料，純是成豬的原塊肉（在45分鐘之內完成調味，溫體肉較易吸收）調製而成，以凸顯出藥膳香腸與眾不同的醇厚特殊口感，香味、鮮味十足，清爽不油膩，油脂不易屯積腹內，宜消化的特點，怕肥胖及上了年紀的人，均可安心食用。而它紮實的口感，讓它蟬聯了三屆（二○○七至二○○九年）府城十大伴手禮。

因店內大部份產品均以中藥香草為主要素材，且以健康為理念，所以取名為「不老莊」，希望讓人吃了身體健康，不會老。



&nbsp;",週一~週日08:30~21:00,中西區,700 臺南市中西區南門路53號,-2261408,伴手好禮,美食,"['rdquo', '中藥', '溫體', '香草', '口感', '高梁酒', '粉料', '1989', '老莊', '南門路', '首學', '對面', '46', '種養生', '58', '度金門', '取現', '宰之鮮活', '前後腿', '豬肉', '角切', '大塊', '純是', '成豬', '原塊', '45', '分鐘', '調味', '較易', '以凸', '顯出', '藥膳', '香腸', '與眾', '不油膩', '屯積', '腹內', '特點', '年紀', '實的', '蟬聯', '三屆', '七至', '伴手禮', '因店', '產品', '不老莊', '身體', '不會', 'nbsp', '健康', '味十足', '全台', '老街', '大部份', '醇厚', '商圈', '府城', '防腐', '素材', '清爽', '取名', '不加', '色素', '肥胖', '入口', '萌芽', '香味', '安心', '孔子', '油脂', '九年', '食用', '不易', '理念', '消化', '十大', '吸收', '特殊', '希望', '完成', '不同', '所以', '主要']",伴手好禮
日勿rhalife - 赤崁糖原糖概念館,赤崁糖另帶著一般黑糖所沒有的「龍眼碳焙香味」，100%甘蔗汁直煉，無添加、零加工未抽「糖蜜」之真黑糖，經檢驗含26種營養素，是最優質的「天然複合維生素」，為頂級廚師、烘焙師提味之「夢幻食材」。,1990年總監吳易隆傳承「孔明鼎」古法，創新改良種蔗方式，研發以海帶、蘿蔔葉等82種植物堆肥滋養甘蔗。2006年與嘉南大學食品科技系產學合作，研發保存黑糖「柵欄技術」。2008年以黑糖古名「赤崁糖」註冊為商標，經過近400年，終於能以臺灣自有黑糖品牌，引領世界性黑糖養生新風潮。,週一~週五10:00–19:00 週六~週日09:00–21:00,中西區,700 臺南市中西區永福路二段188號,-2229329,伴手好禮,美食,"['黑糖', '研發', '1990', '總監', '吳易隆', '傳承', '創新', '種蔗', '以海帶', '82', '滋養', '2006', '大學', '科技系', '產學', '柵欄', '技術', '2008', '經過', '400', '終於能', '引領', '養生', '新風潮', '嘉南', '堆肥', '世界性', '孔明', '改良', '甘蔗', '自有', '保存', '品牌', '食品', '植物', '合作', '方式']",伴手好禮
東山產業生產合作社,精選東山頂級咖啡豆利用獨到的烘焙技術呈現出其獨特果香風味，微酸的口感在品嘗風味上更添加味覺上的層次變化。由其飲用完後利用杯子的杯子的餘溫可鮮明的帶出獨特果香味值得您留心玩味一番。東山地方產業正處於傳統農業轉型精緻休閒農業的重要時刻，初期需以合作社為主以帶頭的方式，塑造經營新的經濟模式及產業活動。透過有系統的教育訓練及輔導逐步引導在地產業轉型，已達創造更有利的經濟環境及模式。,精選東山頂級咖啡豆利用獨到的烘焙技術呈現出其獨特果香風味，微酸的口感在品嘗風味上更添加味覺上的層次變化。由其飲用完後利用杯子的杯子的餘溫可鮮明的帶出獨特果香味值得您留心玩味一番。 　　東山地方產業正處於傳統農業轉型精緻休閒農業的重要時刻，初期需以合作社為主以帶頭的方式，塑造經營新的經濟模式及產業活動。透過有系統的教育訓練及輔導逐步引導在地產業轉型，已達創造更有利的經濟環境及模式。,週一~週日09:00-18:00,東山區,733 臺南市東山區青山里青山37之1號,-6860157,伴手好禮,美食,"['東山', '風味', '轉型', '經濟', '杯子', '模式', '精選', '頂級', '獨到', '技術', '現出', '獨特', '品嘗', '味覺', '層次', '變化', '飲用', '餘溫', '可鮮明', '帶出', '獨特果', '產業', '正處', '傳統', '農業', '時刻', '需以', '為主以', '帶頭', '經營', '及產業', '活動', '透過', '系統', '訓練', '輔導', '引導', '地產業', '已達', '創造', '環境', '咖啡豆', '烘焙', '果香', '微酸', '玩味', '利用', '口感', '合作社', '留心', '香味', '添加', '塑造', '有利', '一番', '初期', '值得', '教育', '逐步', '方式', '地方', '重要']",伴手好禮
芳榮米廠,無米樂栽培稻米的情感與香Q口感的好米責任，強調誠懇樸實【人文】才是品牌故事主角。無米樂社區是日本時代手工藺草編織袋產地的大本營，也是農村傳統婦女養家糊口重要來源之一，透過無米樂復古草編的包裝再利用，讓米有加分效果，並使產業與文化結合在一起，帶動社區觀光產業及經濟效益提昇，讓社區農民生命力再現。,"無米樂栽培稻米的情感與香Q口感的好米責任，強調誠懇樸實【人文】才是品牌故事主角。 　　無米樂區是日本時代手工藺草編織袋產地的大本營，也是農村傳統婦女養家糊口重要來源之一，透過無米樂復古草編的包裝再利用，讓米有加分效果，並使產業與文化結合在一起，帶動社區觀光產業及經濟效益提昇，讓社區農民生命力再現。
台南經典伴手禮：因為紀錄片「無米樂」而轟動全國的芳榮米廠，捧紅的不僅是片中古意的主角「崑濱伯」他種的「台農七十一號」益全香米，曾打敗池上米榮獲2006年全國冠軍米王。「復古草編單包裝」禮盒，是運用稻穀收穫後剩餘的稻草作為包裝材料，響應節能減碳的設計不僅創新還非常環保，頗具意義很適合當作伴手好禮！",週一~週六08:00–18:00，週日休息,後壁區,731 臺南市後壁區頂長里長短樹1號,-6621269,伴手好禮,美食,"['無米樂', '包裝', '社區', '全國', '不僅', '主角', '責任', '強調', '誠懇樸實', '無米樂區', '時代', '藺草', '編織袋', '產地', '大本營', '農村', '傳統', '婦女', '養家', '來源', '透過', '古草編', '並使', '產業', '帶動', '觀光產業', '經濟', '農民', '再現', '經典', '手禮', '因為紀', '錄片', '轟動', '芳榮米', '捧紅', '濱伯', '他種', '台農', '益全', '香米', '打敗', '米榮', '2006', '冠軍米', '古草', '編單', '禮盒', '運用', '剩餘', '作為', '響應', '節能', '減碳', '設計', '創新還', '環保', '具意', '義很適', '合當', '手好禮', '七十一', '池上', '古意', '作伴', '片中', '糊口', '台南', '口感', '有加', '合在一起', '稻草', '稻米', '生命力', '人文', '手工', '情感', '栽培', '效益', '故事', '品牌', '效果', '材料', '文化', '日本', '利用', '之一', '重要']",伴手好禮
振發茶行,振發茶行已歷經四代經營，由當初的南勢港輾轉遷移至台南市民權路一段，茶莊風貌雖老舊，但店中仍留著先祖遺留下來的老店招牌、櫃台、錫桶、木架等家當，向後人細數百餘年來的風霜歲月。特色，店內陳設仍是早其傳統商店使用的木製櫃台、錫製茶桶、木製陳列架等舊家當，老招牌字號仍懸掛店門口，茶葉仍以紙張手工包裝後蓋上牛角店章，參觀時令人有時空錯置之感。,振發茶行已歷經四代經營，由當初的南勢港輾轉遷移至台南市民權路一段，茶莊風貌雖老舊，但店中仍留著先祖遺留下來的老店招牌、櫃台、錫桶、木架等家當，向後人細數百餘年來的風霜歲月。 　　振發茶行的開基始祖嚴朱生於清道光十六年（1836），原籍福建省泉州府同安澳內感化里石澳堡石佛內鄉，排行第三，約於清咸豐年間隻身過海來台，在近南勢港的水仙宮後街開設盛發茶行，以販賣福建武夷茶為業。盛發茶行在嚴朱公經營下日漸成長茁壯，曾為南勢港一帶聞名的茶行，後傳子朱才，又名朱財，再傳孫嚴鍾棋，又名嚴鍾奇，即今振發茶行店東嚴燦城之父，計已留傳四代。 　　茶行店門口懸掛著的刻有「振發」二字的木匾，係原盛發老店留傳下來的老招牌，當年將「盛」字挖除補上木塊改刻「振」字的痕跡依然清晰可見。舖子裡依然保持早年茶行的陳列方式，面對顧客的兩個大木櫃即是留傳了一百餘年的櫃台，後面尚有二座背靠牆壁的木架，架上放滿了各山名茶的茶桶。 　　店東嚴燦城熱心的解釋這種老式櫃檯的妙用，原來它是一個木板釘製的大木櫃，裡面空蕩蕩可供放置物品，而其精妙之處卻在可活動的櫃面，上面留有一個方形的小洞，掌櫃者所收的銅錢、銀兩即由此小孔投入，外人無從伸手探取，只有掌櫃者可由內側拉動檯面結合板，始可將之翻起，以收拾、計算一日經營所得。現在這種古老的櫃檯雖有少數老店仍予保存，但已寥寥可數。 戀甘醇　府城喫茶去卅文化茶卅振發茶莊：http://www.libertytimes.com.tw/2003/new/may/18/life/fashion-6.htm 《找茶高手》台南古都　尋找老茶行卅曾至賢：http://forums.chinatimes.com/life/Fun_sunday/93112115.htm 傳承： 創辦人：嚴朱 祖籍：福建泉州府同安縣澳內鄉感化里石澳堡石佛內 第一代　嚴朱 第二代　嚴財 第三代　嚴鐘奇 第四代　嚴燦成 特色： 　　店內陳設仍是早其傳統商店使用的木製櫃台、錫製茶桶、木製陳列架等舊家當，老招牌字號仍懸掛店門口，茶葉仍以紙張手工包裝後蓋上牛角店章，參觀時令人有時空錯置之感。,週一~週日10:00~18:30,中西區,700 臺南市中西區民權路一段137號,-2222652,伴手好禮,美食,"['茶行', '振發', '老店', '招牌', '經營', '南勢', '茶莊', '櫃台', '澳內', '石澳堡', '盛發', '店東', '嚴燦城', '留傳', '店門口', '懸掛', '茶桶', '這種', '一個', '掌櫃者', 'http', 'com', 'life', 'htm', '嚴朱', '同安', '石佛', '大木', '四代', '感化', '木架', '台南', '泉州', '又名', '福建', '木匾', '探取', '挖除', '合板', '甘醇', '歷經', '當初', '轉遷', '權路', '風貌', '老舊', '但店', '留著', '錫桶', '等家當', '向後人', '細數', '百餘年', '風霜歲', '開基', '嚴朱生', '1836', '內鄉', '咸豐', '年間', '身過', '海來', '近南勢', '宮後街', '開設', '以販賣', '武夷茶', '為業', '朱公經', '營下', '日漸', '成長', '茁壯', '曾為', '一帶', '聞名', '傳子', '朱才', '朱財', '傳孫嚴', '嚴鍾奇', '今振發', '計已', '二字', '原盛發', '留傳下', '當年將', '補上', '木塊', '改刻', '痕跡', '可見', '子裡', '面對', '顧客', '兩個', '櫃即', '餘年', '牆壁', '放滿', '各山', '熱心', '解釋', '原來', '裡面', '之處', '活動', '櫃面', '所收', '銅錢', '銀兩即', '側拉動', '面結', '始可將', '計算', '現在', '少數', '仍予', '可數', '茶卅振發', 'www', 'libertytimes', 'tw', '2003', 'new', 'may', '18', 'fashion', '尋找', '老茶', '行卅曾', '至賢', 'forums', 'chinatimes', 'Fun', 'sunday', '93112115', '傳承', '創辦', '嚴財', '嚴鐘奇', '嚴燦成', '店內', '傳統', '字號', '茶葉', '以紙', '包裝後蓋', '店章', '參觀']",伴手好禮
金德春老茶莊,金德春茶舖創業於清同治七年（1868），至今已傳至第五代，茶舖座落至今未改。第四代負責人林應龍先生，小學就讀於立人國小，回憶童年時都在武廟、媽祖間及關帝港附近玩耍，當時抽籤巷內其他的行業還有打剪刀、做蝨柄的，轉角處有商家賣戲台上用的燈飾，店面很亮很亮，令人印象深刻。該巷又因抽籤算命很興盛，遂稱抽籤巷。特色，店內一整排盛裝茶葉的大茶甕已有百年歷史，是清朝時，唐山商人運來台灣賣的，日治時期美軍轟炸台灣，將這附近的房子都夷為平地，大茶甕也多遭損毀，現在店內剩下不到十個。,金德春茶舖創業於清同治七年（1868），至今已傳至第五代，茶舖座落至今未改。第四代負責人林應龍先生，小學就讀於立人國小，回憶童年時都在武廟、媽祖間及關帝港附近玩耍，當時抽籤巷內其他的行業還有打剪刀、做蝨柄的，轉角處有商家賣戲台上用的燈飾，店面很亮很亮，令人印象深刻。該巷又因抽籤算命很興盛，遂稱抽籤巷。 　　小時候因店務繁忙，大人們若沒空去拜拜，會交代小孩子代辦，出門前還再三叮嚀要向神明拜三拜、跪三次，拜拜用的糕仔要放哪，茶葉一包要打開放哪，當時孩子會覺得幫父母去拜拜是做一件孝順父母的事，很有榮譽感。祭祀禮品中，茶葉是大禮，尤其是一包好茶。以前的人一定會買一包好茶當作祭拜品，除了表現誠心外，拜完後泡茶喝了也保平安。因此開茶葉店於此也有地緣上的關係。 　　第三代樹伯仔，當初到福建安溪學烘焙茶的技巧，回來後先教女兒，因為當時林應龍太小，學不到技術，女兒學得很好，雖然嫁人後不再賣茶，但也常回到店裡關心生意的情形。一直以來，都是自家人的事業，不曾收過學徒，小本生意只求安分守己循序漸進，不求名利，才能在平穩中求發展。今年歲已大，事業的重擔已由第五代林岳陽接手，後繼有人也就安心了。 社會新聞卅南市新美街巷內　老茶行裡百年茶甕：http://enews.ccu.edu.tw/modules/news/article.php?storyid=3683 金德春茶舖卅撰文．鄭道聰：http://www.tncsec.gov.tw/b_native/index.php?act=home&amp;c03=46&amp;c04=4#77 傳承： 創辦人：宣師 祖籍：福建永春 第一代　宣師 第二代　阿暉仙 第三代　樹伯仔 第四代　林應龍（茶心仔） 第五代　林岳陽 特色： 　　店內一整排盛裝茶葉的大茶甕已有百年歷史，是清朝時，唐山商人運來台灣賣的，日治時期美軍轟炸台灣，將這附近的房子都夷為平地，大茶甕也多遭損毀，現在店內剩下不到十個。,週一~週日09:00–20:00,中西區,700 臺南市中西區新美街109號,-2283802,伴手好禮,美食,"['茶葉', '拜拜', '第五代', '一包', '應龍', '當時', '樹伯仔', '女兒', '事業', '林岳陽', 'http', 'tw', 'php', 'amp', '宣師', '台灣', '金德', '春茶', '很亮', '第四代', '第三代', '百年', '福建', '整排', '父母', '創業', '1868', '已傳', '負責', '人林', '小學', '立人國', '回憶', '武廟', '媽祖間', '關帝', '行業', '還有', '做蝨', '轉角處', '賣戲', '燈飾', '該巷', '很興盛', '小時候', '店務', '沒空', '代辦', '出門', '前還', '叮嚀', '拜三拜', '仔要', '開放', '會覺', '孝順', '榮譽感', '禮品', '大禮', '當作', '表現', '誠心外', '開茶', '葉店', '地緣', '上的關', '當初', '回來', '先教', '因為', '當時林', '技術', '學得', '雖然', '店裡', '關心', '以來', '收過', '學徒', '漸進', '不求名利', '平穩', '中求', '發展', '重擔', '後繼', '社會', '新聞卅', '新美', '老茶', '行裡', 'enews', 'ccu', 'edu', 'modules', 'news', 'article', 'storyid', '3683', '鄭道聰', 'www', 'tncsec', 'gov', 'native', 'index', 'act', 'home', 'c03', '46', 'c04', '77', '傳承', '創辦', '阿暉', '林應龍', '茶心', '店內', '盛裝', '歷史', '運來', '日治', '時期', '美軍轟炸', '大茶', '損毀', '現在', '十個', '保平安', '南市', '烘焙', '座落', '多遭', '循序', '永春', '小本生意', '不到', '安溪', '附近', '祭拜', '安分守己', '未改', '清同治', '泡茶', '自家人', '嫁人', '店面', '算命', '神明', '唐山', '玩耍']",伴手好禮
文峰茶莊,陳家先祖於清同治年間，由福建泉州府移民來台，定居於枋橋頭富商吳尚新的「吳園」旁，迄今已有138年歷史。文峰茶莊至第三代為止是歷代傳承，第四代始由兄弟姐妹依序傳承，先由第四代陳復麟傳給大兒子陳玉麟，之後由姊姊接掌經營二十多年，再傳承給現今的第六代陳玉雄、黃玉梅夫婦。特色，店面不大，但店內陳設了各式年代久遠的茶具、茶餅、老茶桶等茶文物，想瞭解台南茶文化發展的人，可以到文峰茶行看看。,陳家先祖於清同治年間，由福建泉州府移民來台，定居於枋橋頭富商吳尚新的「吳園」旁，迄今已有138年歷史。文峰茶莊至第三代為止是歷代傳承，第四代始由兄弟姐妹依序傳承，先由第四代陳復麟傳給大兒子陳玉麟，之後由姊姊接掌經營二十多年，再傳承給現今的第六代陳玉雄、黃玉梅夫婦。 　　開基祖陳錦雲，初創業時經常往返廈門採辦買貨，店內保留了多張明治二十九年（1896）往返廈門的通行護照可為證。起初開店時有三間店面，一間洋行，一間茶莊，一間中醫館，中醫師是被稱為「坊橋頭登志仙」的第二代陳登志時所開設。 　　第四代陳玉麟則積極推廣茶葉，並成立台南茶商業公會，現第六任陳玉雄仍擔任茶商公會理事，文峰茶行因時代轉換及社會經濟的變遷，今雖然風華不在，但從店內的歷史文物仍可窺見當年的繁榮。 茶商公會：www.tntb.com.tw/about_history.php 天空部落：blog.yam.com/TEACOFE/article/17785124 文峰茶行：tw.knowledge.yahoo.com/question/question?qid=1607032007385 傳承： 創辦人：陳錦雲 祖籍：福建泉州府 開基祖　陳錦雲 第二代　陳登志 第三代　陳復麟 第四代　陳玉麟，之後為兄弟姐妹依序傳承 第五任　陳玉麟之姊卅第六任　陳玉雄 特色： 　　店面不大，但店內陳設了各式年代久遠的茶具、茶餅、老茶桶等茶文物，想瞭解台南茶文化發展的人，可以到文峰茶行看看。,週一~週日09:00~23:00,中西區,700 臺南市中西區民權路二段36號,-2244711,伴手好禮,美食,"['文峰', '第四代', '傳承', '玉麟', '玉雄', '一間', 'com', '茶商', '第六任', '依序', '橋頭', '歷史', '茶莊', '開基祖', '廈門', '公會', 'tw', 'question', '台南', '兄弟姐妹', '店面', '第三代', '第二代', '往返', '泉州', '文物', '福建', '接掌', '年間', '來台', '吳尚', '吳園', '138', '為止', '歷代傳', '始由', '傳給', '大兒子', '之後由', '經營', '傳承給', '現今', '夫婦', '創業', '經常', '採辦', '買貨', '店內', '1896', '護照', '可為證', '開店', '三間', '醫館', '中醫師', '登志仙', '登志時', '開設', '玉麟則', '積極', '推廣茶', '業公會', '擔任', '因時代', '轉換', '社會', '經濟', '變遷', '雖然', '風華', '窺見', '當年', '繁榮', 'www', 'tntb', 'about', 'history', 'php', 'blog', 'yam', 'TEACOFE', 'article', '17785124', 'knowledge', 'yahoo', 'qid', '1607032007385', '創辦', '登志', '之後為', '但店', '內陳設', '久遠', '茶餅', '茶桶', '瞭解', '發展', '第五任', '茶文化', '姊姊', '玉梅', '迄今已有', '第六代', '清同治', '茶行', '先祖', '明治', '先由', '茶具', '富商', '各式', '二十九年', '二十多年', '洋行', '祖籍', '理事', '移民', '通行', '起初', '定居', '部落', '天空', '特色', '保留', '看看', '成立', '年代', '可以']",伴手好禮
義珍肉脯舖,"本店在此已經開業30多年了，我們店內零售、批發均可，販賣的項目：只要是豬肉類加工方面都有，如：肉乾、香腸、肉絲、肉條等等。
我們的商品全部都是我們自己的工廠生產出來的，非常適合中秋、過年過節送的伴手禮喔！ 
有宅配服務，訂單$1500元以上免運費，歡迎來電詢問喔！",本店在此已經開業30多年了，我們店內零售、批發均可，販賣的項目：只要是豬肉類加工方面都有，如：肉乾、香腸、肉絲、肉條等等。 我們的商品全部都是我們自己的工廠生產出來的，非常適合中秋、過年過節送的伴手禮喔！ 有宅配服務，訂單$1500元以上免運費，歡迎來電詢問喔！,週一~週六08:00–14:00、16:00–20:00，週日休息,東區,701 臺南市東區裕農路616號,-2682867,伴手好禮,美食,"['本店', '已經', '開業', '30', '批發', '販賣', '項目', '豬肉類', '肉乾', '香腸', '肉絲', '肉條', '工廠', '生產出', '適合', '過年', '過節', '手禮', '有宅配', '服務', '訂單', '1500', '免運費', '歡迎', '電詢問', '全部都是', '中秋', '零售', '加工', '等等', '多年', '商品', '只要', '以上', '方面', '自己']",伴手好禮
黑橋牌食品,黑橋牌採買新鮮現宰的豬肉為原料，保留豬肉原生肉汁水分，香腸水分飽滿、口感紮實多汁。五十年來口碑相傳，黑橋牌始終堅持用好心腸做好香腸，香腸不摻粉不加色素，不含防腐劑。,黑橋牌採買新鮮現宰的豬肉為原料，保留豬肉原生肉汁水分，香腸水分飽滿、口感紮實多汁。五十年來口碑相傳，黑橋牌始終堅持用好心腸做好香腸，香腸不摻粉不加色素，不含防腐劑。,週一~週日09:00–22:00,中西區,700 臺南市中西區公園路50號,-2259638,伴手好禮,美食,"['香腸', '豬肉', '水分', '肉汁', '黑橋牌', '採買', '新鮮現', '飽滿', '相傳', '黑橋', '牌始終', '堅持', '摻粉', '多汁', '口感', '防腐', '五十年', '口碑', '原生', '好心', '不加', '色素', '保留', '做好', '原料']",伴手好禮
松稜食品,堅持古法製程，醇厚滷汁細火滷煮，再用紅糖煙燻增添香味，採用「真空充氮」包裝，保留食材鮮美原味，鹹中帶甜令人齒頰留香回味無窮。,堅持古法製程，醇厚滷汁細火滷煮，再用紅糖煙燻增添香味，採用「真空充氮」包裝，保留食材鮮美原味，鹹中帶甜令人齒頰留香回味無窮。,週一~週五10:00~21:00，週六~週日休息,歸仁區,711 臺南市歸仁區和順路二段305號,-2716639,伴手好禮,美食,"['堅持', '紅糖', '充氮', '包裝', '食材', '鮮美', '齒頰', '無窮', '留香', '原味', '醇厚', '回味', '香味', '再用', '真空', '增添', '保留', '令人']",伴手好禮
一芝紅大旺來烘焙坊,老闆娘陳泉紅小姐近年來以台南在地土鳳梨酥為起點開創了大旺來烘焙坊，將糕餅點心推向養生、天然、無添加物的健康概念。2011年6月，大旺來取得正式名稱，以「大旺來烘培坊：一芝紅」正式上路，延續天然健康的養生概念不斷推陳出新，目的是希望呈現各種不同風味的精緻糕餅以及口味多元的鳳梨酥，過程全程採用純手工精心製作，每天現烤現做才能兼顧產品 的品質與美味，而且每個種鳳梨酥都重達50g，可見大旺來烘焙坊:一芝紅的口碑來是盡得起真材實料的考驗，獲得消費者ㄧ致好評。,老闆娘陳泉紅小姐近年來以台南在地土鳳梨酥為起點開創了大旺來烘焙坊，將糕餅點心推向養生、天然、無添加物的健康概念。2011年6月，大旺來取得正式名稱，以「大旺來烘培坊：一芝紅」正式上路，延續天然健康的養生概念不斷推陳出新，目的是希望呈現各種不同風味的精緻糕餅以及口味多元的鳳梨酥，過程全程採用純手工精心製作，每天現烤現做才能兼顧產品 的品質與美味，而且每個種鳳梨酥都重達50g，可見大旺來烘焙坊:一芝紅的口碑來是盡得起真材實料的考驗，獲得消費者ㄧ致好評。,,永康區,710 臺南市永康區中山南路43巷57號,-2026935,伴手好禮,美食,"['大旺來', '養生', '一芝紅', '烘焙', '天然', '添加物', '娘陳泉紅', '土鳳梨', '起點', '開創', '將糕', '餅點心', '2011', '名稱', '烘培', '延續', '不斷', '呈現', '各種', '風味', '鳳梨', '過程', '現烤', '現做', '顧產品', '品質', '每個', '種鳳梨', '重達', '50g', '可見', '真材', '實料', '考驗', '獲得', '消費者', '致好評', '健康', '概念', '正式', '台南', '美味', '口碑', '出新', '口味', '推向', '全程', '上路', '手工', '精心', '多元', '近年', '小姐', '每天', '目的', '才能', '取得', '希望', '而且', '不同', '以及']",伴手好禮
尤記安平養生堂,夫妻二人於2007年創立『養生堂』於此人文薈萃民風樸實的安平之地，店址位於樹中有牆，牆中有樹的「安平樹屋」旁。草創之時只是用一張3x6尺的木桌擺攤在自家門口，由於受到消費者的肯定，逐漸在安平美食領域與伴手禮市場創造出知名度。於是在2011年5月斥資百萬台幣，修繕門市店面，並於2011年7月16日正式命名『尤記安平養生堂』開幕營運。,夫妻二人於2007年創立『養生堂』於此人文薈萃民風樸實的安平之地，店址位於樹中有牆，牆中有樹的「安平樹屋」旁。草創之時只是用一張3x6尺的木桌擺攤在自家門口，由於受到消費者的肯定，逐漸在安平美食領域與伴手禮市場創造出知名度。於是在2011年5月斥資百萬台幣，修繕門市店面，並於2011年7月16日正式命名『尤記安平養生堂』開幕營運。,週一~週日09:00–21:00,安平區,708 臺南市安平區古堡街120號之1,-3909495,伴手好禮,美食,"['安平', '養生堂', '2011', '店址', '2007', '創立', '薈萃民', '風樸實', '牆中', '樹屋', '創之時', '一張', '3x6', '擺攤', '門口', '消費者', '逐漸', '領域', '手禮', '市場', '創造', '月斥', '資百萬', '台幣', '修繕', '門市', '16', '尤記', '開幕', '營運', '木桌', '店面', '美食', '知名度', '人文', '自家', '夫妻', '命名', '之地', '二人', '肯定', '正式', '受到', '只是']",伴手好禮
無患子生技開發有限公司,台南經典伴手禮：榮獲全國「十大經典神農獎」的古寶無患子，不但是古早時代智慧傳承的結晶，更是安定鄉的驕傲！沉寂好一時的無患子居然也由黑翻紅；很多消費者開始擔心接觸過多化學成分，會使健康受到威脅，因此開始崇尚自然，然而在各式各樣的產品中，若要論天然最佳伴手禮，無患子絕對當之無愧！,台南經典伴手禮：榮獲全國「十大經典神農獎」的古寶無患子，不但是古早時代智慧傳承的結晶，更是安定區的驕傲！沉寂好一時的無患子居然也由黑翻紅；很多消費者開始擔心接觸過多化學成分，會使健康受到威脅，因此開始崇尚自然，然而在各式各樣的產品中，若要論天然最佳伴手禮，無患子絕對當之無愧！,週一~ 週五08:00~17:00，週六~週日休息,安定區,745 臺南市安定區南安里62-18號,-200154,伴手好禮,美食,"['經典', '患子', '開始', '手禮', '榮獲', '全國', '神農獎', '古寶無', '古早', '時代', '傳承', '結晶', '區的', '驕傲', '一時', '翻紅', '消費者', '擔心', '接觸', '過多化學', '威脅', '各樣', '產品', '伴手禮', '無患子', '絕對', '當之無愧', '台南', '各式', '崇尚', '若要', '沉寂', '安定', '智慧', '居然', '最佳', '十大', '天然', '成分', '健康', '更是', '然而', '自然', '受到', '很多', '但是', '因此']",伴手好禮
台南縣洋香瓜合作社,台南經典伴手禮：又大又甜的洋香瓜在哪裡？就在台南縣的後壁鄉！以往大多數的人總以為要吃到好吃的洋香瓜，非得日本進口才行；但事實上台灣就有土生土長的頂級洋香瓜，不但果實大顆、果肉香濃厚實、口感細緻多汁且甜度極高，而且一年四季都有生產，甚至外銷加拿大等地，品質一點也不輸給進口貨！更是2008年前台南縣伴手禮競賽中，唯一獲選的水果,台南經典伴手禮：又大又甜的洋香瓜在哪裡？就在台南市的後壁區！以往大多數的人總以為要吃到好吃的洋香瓜，非得日本進口才行；但事實上台灣就有土生土長的頂級洋香瓜，不但果實大顆、果肉香濃厚實、口感細緻多汁且甜度極高，而且一年四季都有生產，甚至外銷加拿大等地，品質一點也不輸給進口貨！更是2008年前台南縣伴手禮競賽中，唯一獲選的水果,,後壁區,731 臺南市後壁區竹新里3號,-6371058,伴手好禮,美食,"['洋香瓜', '手禮', '台南', '經典', '哪裡', '壁區', '數的', '總以', '但事實', '灣就', '土長', '頂級', '果實', '大顆', '濃厚實', '極高', '外銷', '品質', '一點', '不輸給', '進口貨', '2008', '縣伴', '競賽', '獲選', '甜度', '台南市', '土生', '果肉', '有生', '口才', '多汁', '口感', '一年四季', '非得', '上台', '好吃', '水果', '加拿大', '年前', '以往', '不但', '大多', '唯一', '更是', '日本', '甚至', '而且']",伴手好禮
柚花精釀酵醋,台南經典伴手禮：「柚花精釀酵醋」不但沒有一般合成醋的酸澀嗆鼻，且因為釀製時加入未噴灑農藥的初開乳香柚白花所提煉而成的香精，一開瓶就會飄出的柚花清香，有如現今流行的精油讓人神清氣爽。建議大家將酵醋冰涼後加上蜂蜜及冷開水稀釋飲用最美味，人體所需的18種氨基酸及20種益酸菌也都能一飲而進，絕對讓你喝得美味、安心又健康！,台南經典伴手禮：「柚花精釀酵醋」不但沒有一般合成醋的酸澀嗆鼻，且因為釀製時加入未噴灑農藥的初開乳香柚白花所提煉而成的香精，一開瓶就會飄出的柚花清香，有如現今流行的精油讓人神清氣爽。建議大家將酵醋冰涼後加上蜂蜜及冷開水稀釋飲用最美味，人體所需的18種氨基酸及20種益酸菌也都能一飲而進，絕對讓你喝得美味、安心又健康！,週三~週日10:00~1800，週一~週二公休,麻豆區,721 臺南市麻豆區南勢里總爺12-1號(總爺藝文中心),-355133,伴手好禮,美食,"['美味', '花精', '香柚', '經典', '手禮', '釀酵', '沒有', '酸澀', '因為', '未噴灑', '農藥', '開乳', '提煉', '一開', '飄出', '柚花', '現今', '人神', '清氣爽', '建議', '將酵', '冰涼', '開水', '稀釋', '飲用', '人體', '18', '20', '種益酸菌', '絕對', '精油', '台南', '香精', '白花', '清香', '蜂蜜', '有如', '氨基酸', '安心', '合成', '流行', '不但', '加入', '健康', '加上', '大家', '一般']",伴手好禮
黑橋牌香腸博物館,1957年，黑橋牌食品創辦人陳文輝先生，在臺南運河旁俗稱「烏橋」之處(現為新南橋)成立家庭式肉品工廠。1973年註冊商標『黑橋橋』，1979年擴大建廠至臺南安平工業區，為臺灣本土第一家自動化肉品加工廠。2009年12月正式更名為『黑橋牌企業股份有限公司』，2012人觀光工廠-黑橋牌香腸博物館成立，致力肉品加工產業教育與傳遞原產美食之文化深耕。,1957年，黑橋牌食品創辦人陳文輝先生，在臺南運河旁俗稱「烏橋」之處(現為新南橋)成立家庭式肉品工廠。1973年註冊商標『黑橋橋』，1979年擴大建廠至臺南安平工業區，為臺灣本土第一家自動化肉品加工廠。2009年12月正式更名為『黑橋牌企業股份有限公司』，2012人觀光工廠-黑橋牌香腸博物館成立，致力肉品加工產業教育與傳遞原產美食之文化深耕。,週二~週日09:30–17:30，週一休息,南區,702 臺南市南區新忠路2號,-2616110,伴手好禮,美食,"['黑橋牌', '肉品', '工廠', '加工', '1957', '創辦', '文輝', '南運河', '旁俗', '烏橋', '之處', '現為', '新南橋', '1973', '黑橋橋', '1979', '擴大建廠', '平工業區', '自動化', '2009', '12', '企業', '2012', '人觀光', '香腸', '產業', '傳遞', '原產', '家庭式', '深耕', '成立', '博物', '致力', '南安', '美食', '第一家', '更名', '本土', '食品', '教育', '先生', '正式', '有限公司', '文化', '股份']",伴手好禮
德昌碾米工廠,德昌碾米工廠已近40年，為稻米產銷契作生產，讓消費者有更多的選擇，專營銷售蓬萊米 香米 圓糯米 長糯米 糙米 十穀米和在萊米等等，一畝稻花香十里，一家煮飯百家香。香米經歷田間生長、抽穗、揚花到收割，收貯保管到加工成米，都散發出沁人肺腑的清香。米粒淨白如玉，無腹白，油潤光亮，晶瑩剔透，糯性好，米質優良。做成米飯，白淨如雪，酥軟清香，微有黏性，味美爽口，濃香撲鼻。清代袁枚的《隨息居飲食譜》中，有「香稻米、自然有香、煮粥時、稍加入之，香味異常，尤能醒胃。」,德昌碾米工廠已近40年，為稻米產銷契作生產，讓消費者有更多的選擇，專營銷售蓬萊米 香米 圓糯米 長糯米 糙米 十穀米和在萊米等等，一畝稻花香十里，一家煮飯百家香。香米經歷田間生長、抽穗、揚花到收割，收貯保管到加工成米，都散發出沁人肺腑的清香。米粒淨白如玉，無腹白，油潤光亮，晶瑩剔透，糯性好，米質優良。做成米飯，白淨如雪，酥軟清香，微有黏性，味美爽口，濃香撲鼻。清代袁枚的《隨息居飲食譜》中，有「香稻米、自然有香、煮粥時、稍加入之，香味異常，尤能醒胃。」,,柳營區,736 臺南市柳營區雙和路107號,-6220342,伴手好禮,美食,"['香米', '糯米', '清香', '稻米', '沁人肺腑', '工廠', '已近', '40', '產銷', '契作', '生產', '消費者', '選擇', '專營', '銷售', '蓬萊米', '萊米', '一畝', '經歷', '田間', '生長', '揚花', '收貯', '成米', '發出', '無腹白', '油潤', '晶瑩', '糯性', '米質', '優良', '白淨', '微有', '味美', '濃香', '隨息', '飲食', '有香', '異常', '尤能', '抽穗', '剔透', '德昌', '黏性', '袁枚', '如雪', '糙米', '白如玉', '爽口', '煮粥', '米粒', '碾米', '花香', '百家', '收割', '保管', '十里', '香味', '光亮', '做成', '清代', '加工', '加入', '等等', '一家', '自然']",伴手好禮
磐創作陶坊,賞陶、品茶、吃咖啡,賞陶、品茶、吃咖啡,週五~週日9:00~17:00,新營區,730 臺南市新營區太南里276-1號,-6532036,伴手好禮、其他美食,美食,"['賞陶', '品茶', '咖啡']",伴手好禮
盧記古釀茶鋪,"盧記古釀  是位於鎮北坊文化園區之百年老店。產品嚴選天然、新鮮之原料並以古方釀製，不添加化學成分香料、防腐劑。
冬瓜蜜 ------ 冬瓜茶原汁是夏季最健康的消暑聖品，店內有冬瓜茶系列飲品、酸梅湯可供選擇。
麥芽餅 ------以新鮮現做手工生產，為保最佳口感採預約方式訂購。
特製桔醬 ------ 桔汁熬入鳳梨、菊花，可沖泡桔茶、水果茶……。歡迎品嚐、選購。
盧記古釀  是位於鎮北坊文化園區之百年老店。產品嚴選天然、新鮮之原料並以古方釀製，不添加化學成分香料、防腐劑。
冬瓜蜜 ------ 冬瓜茶原汁是夏季最健康的消暑聖品，店內有冬瓜茶系列飲品、酸梅湯可供選擇。
麥芽餅 ------以新鮮現做手工生產，為保最佳口感採預約方式訂購。
特製桔醬 ------ 桔汁熬入鳳梨、菊花，可沖泡桔茶、水果茶……。歡迎品嚐、選購。",盧記古釀 是位於鎮北坊文化園區之百年老店。產品嚴選天然、新鮮之原料並以古方釀製，不添加化學成分香料、防腐劑。 冬瓜蜜 ------ 冬瓜茶原汁是夏季最健康的消暑聖品，店內有冬瓜茶系列飲品、酸梅湯可供選擇。 麥芽餅 ------以新鮮現做手工生產，為保最佳口感採預約方式訂購。 特製桔醬 ------ 桔汁熬入鳳梨、菊花，可沖泡桔茶、水果茶&hellip;&hellip;。歡迎品嚐、選購。 盧記古釀 是位於鎮北坊文化園區之百年老店。產品嚴選天然、新鮮之原料並以古方釀製，不添加化學成分香料、防腐劑。 冬瓜蜜 ------ 冬瓜茶原汁是夏季最健康的消暑聖品，店內有冬瓜茶系列飲品、酸梅湯可供選擇。 麥芽餅 ------以新鮮現做手工生產，為保最佳口感採預約方式訂購。 特製桔醬 ------ 桔汁熬入鳳梨、菊花，可沖泡桔茶、水果茶&hellip;&hellip;。歡迎品嚐、選購。,週一~周日08:00-20:00,北區,704 臺南市北區北忠街138號,-2283742,伴手好禮,美食,"['------', '冬瓜茶', 'hellip', '酸梅', '盧記', '古釀', '鎮北坊', '園區', '產品', '嚴選', '新鮮', '並以', '化學', '聖品', '店內', '飲品', '湯可供', '選擇', '麥芽餅', '以新', '鮮現', '生產', '為保', '採預', '訂購', '桔汁', '熬入', '鳳梨', '歡迎', '品嚐', '選購', '古方', '原汁', '消暑', '老店', '冬瓜', '口感', '防腐', '菊花', '香料', '添加', '百年', '手工', '水果', '夏季', '最佳', '系列', '天然', '成分', '原料', '健康', '文化', '方式']",伴手好禮
鐵金鋼食品有限公司,,,週一~週日08:00–20:00,關廟區,718 臺南市關廟區中山路一段365號,-5964798,伴手好禮,美食,['nan'],伴手好禮
安平小舖 安平形象店,,"《安平小舖非油蝦餅創始店》安平伴手禮‧鮮爆蝦餅、低糖手作牛軋糖、鳳梨酥還有各式口味的鮮爆蝦餅、果乾、蜜餞等，是您來到台南安平旅遊，不可錯過的伴手禮專賣店。
　　《府城安平小舖》為非油炸蝦餅創始人蔡震宇先生所研發，當初因緣際會以爆米餅所創新的非油炸蝦餅一炮而紅，成為現今遊客來安平必備的伴手禮，爾後更研發出遠近馳名的厚禮數精緻蝦餅(厚片)及櫻花蝦餅禮盒，2013年更擴大營運建立起安平地標 【安平小舖頂級龍蝦餅形象店】以高檔的裝潢，時尚的氛圍吸引著各地來遊玩的觀光客，當然還有純手工的牛軋糖及台灣之光造型鳳梨酥等商品，都為各大知名公司犒賞員工之禮物，安平小舖一直秉持著用料〝食食在在〞及為消費者著想的心來製作商品，爾後更會創新出不同的商品呈現在消費者面前，大家如果有來府城的話一定要來這-有府城第一味稱號的《安平小舖》。",週一~週五10:00–20:00 週六~週日09:00–21:00,安平區,708 臺南市安平區安平路788號,-2437739,伴手好禮,美食,"['安平', '蝦餅', '府城', '創始', '鮮爆', '鳳梨', '還有', '手禮', '研發', '消費者', '油炸', '商品', '形象店', '非油', '伴手禮', '低糖', '手作', '果乾', '蜜餞', '旅遊', '錯過', '專賣店', '蔡震宇', '當初', '因緣際會', '爆米餅', '創新', '而紅', '成為現', '今遊', '客來', '必備', '出遠近', '馳名', '禮數', '厚片', '櫻花', '禮盒', '2013', '擴大營運', '地標', '頂級', '以高檔', '裝潢', '時尚', '氛圍', '來遊', '觀光客', '當然', '台灣', '犒賞員', '工之禮物', '食食', '爾後更會', '創新出', '呈現', '有來', '要來', '稱號', '秉持', '一炮', '台南', '用料', '之光', '各式', '口味', '手工', '造型', '各大', '知名', '吸引', '各地', '先生', '面前', '不可', '第一', '大家', '建立', '一直', '不同', '一定', '如果', '公司']",伴手好禮
椿友手工烘焙坊,,"府城古早味～手工傳承及健康養生的美食與上選伴手禮
　　椿友手工坊－有鑑於現代人飲食均以健康養生為首選，所以公司所有產品均循古法純手工製作，完全不加防腐劑、酥油、味精，並減油、減糖、減鹽，均以健康養生為取向，讓身體無負擔，完全是新世代健康養生的美食與最佳伴手禮!更獲選為【100.101.102.104年度台灣百大伴手禮】【2008府城十大伴手禮】商家！",週一~週六09:00~19:00，周日休息,中西區,700 臺南市中西區民權路一段73號,-2289477,伴手好禮,美食,"['養生', '伴手禮', '健康', '手工', '府城', '美食', '古早味', '傳承及', '選伴', '手禮', '椿友', '有鑑', '現代人', '飲食', '首選', '產品', '循古', '法純', '並減', '減糖', '減鹽', '身體', '負擔', '獲選為', '100.101', '102.104', '台灣', '2008', '酥油', '百大', '完全', '防腐', '味精', '取向', '世代', '商家', '最佳', '十大', '年度', '所有', '所以', '公司']",伴手好禮
丹莉蛋捲,,「丹莉手作蛋捲」的原料特別挑選新鮮雞蛋健康植物油，少糖少油比例，不添加一滴水，精心調配而成。不添加奶粉、奶精、防腐劑、膨鬆劑、酵素，讓您每口都能安心享用~品嚐。,週一~週六09:00~18:00，週日休息,永康區,710 臺南市永康區鹽行路67號,-26917,伴手好禮,美食,"['添加', '都能安', '奶精', '少油', '酵素', '丹莉手', '作蛋', '特別', '挑選新', '鮮雞蛋', '少糖', '調配', '每口', '品嚐', '一滴水', '植物油', '防腐', '奶粉', '享用', '精心', '原料', '健康', '比例']",伴手好禮
新鳳鳴茶業有限公司,新鳳鳴起源於南投鹿谷，四代產製茶，1983年在台南創立門市，茶葉皆來自台灣各高山契耕茶園，嚴選品質、分類、分級透明化。通過 ISO 22000食品安全衛生管制，從茶園管理、茶樹栽培，建立生產履歷制度，從茶菁粗製、毛茶精製、茶葉皆落實農藥殘毒生化檢驗，工廠登記字號67001309，在HACCP安全衛生管制下生產、製造、包裝，讓最專業團隊嚴選製造最貨真價實的商品、品牌就是保證，品質就能回味。http://www.fm2tea.com,　　新鳳鳴起源於南投鹿谷，四代產製茶，1983年在台南創立門市，茶葉皆來自台灣各高山契耕茶園，嚴選品質、分類、分級透明化。通過 ISO 22000食品安全衛生管制，從茶園管理、茶樹栽培，建立生產履歷制度，從茶菁粗製、毛茶精製、茶葉皆落實農藥殘毒生化檢驗，工廠登記字號67001309，在HACCP安全衛生管制下生產、製造、包裝，讓最專業團隊嚴選製造最貨真價實的商品、品牌就是保證，品質就能回味。http://www.fm2tea.com,週一~週六09:00–21:00，週日休息,安南區,709 臺南市安南區北安路二段139號,-2809013,伴手好禮,美食,"['茶葉', '茶園', '衛生', '管制', '茶精', '新鳳鳴', '鹿谷', '1983', '創立門市', '自台灣', '契耕', '嚴選品', '分類', '分級', '通過', 'ISO', '22000', '茶樹', '生產', '履歷', '茶菁', '落實', '農藥', '殘毒', '檢驗', '工廠', '登記', '字號', '67001309', 'HACCP', '下生產', '包裝', '專業', '團隊', '保證', '品質', 'http', 'www', 'fm2tea', 'com', '南投', '透明化', '四代', '台南', '回味', '食品安全', '生化', '栽培', '起源', '高山', '品牌', '安全', '商品', '制度', '管理', '建立', '就是']",伴手好禮
陽光菓菓-Sunnygogo dried fruit,,"我們不是百年老字號，也沒有華麗的文字，但我們重視食物本身的品質與美感，台灣水果的好味道不該被埋沒、流於平庸。
　　因為熱愛這塊被陽光滋潤的土地，希望能跟你分享她的美好。",週一~週五09:00–17:30，週六~週日休息,歸仁區,711 臺南市歸仁區中山路一段2巷9號,-2304519,伴手好禮,美食,"['字號', '有華麗', '重視', '品質', '台灣', '不該', '因為', '熱愛這塊', '陽光滋潤', '百年老', '美感', '平庸', '美好', '分享', '味道', '水果', '文字', '食物', '本身', '土地', '希望', '不是']",伴手好禮
益生興蜜餞,,"百年相傳‧中藥配方；以前的人看病吃藥，一般都是吃中藥，然而正所謂良藥苦口，為了讓生病的小孩能順利的苦澀的中藥喝下肚，中藥行也兼製一些配藥的甜食，如甘草粉、仙楂餅、梅子餅等，久之這些遵古法製，精心調配製作的鹹酸甜系列，也頗受街坊們的喜愛，因此「益生興」也兼作起「蜜餞」的生意。新鮮水果醃製加上自行用中藥研發的配方，「益生興」的中藥方蜜餞，不僅是遵古法製、更是精心調配製作而成。不但衛生、而且吃得到健康，在口味上也都獨樹一格。

　　從楊老壽先生在１８８２年創立算起，歷經了清末、日據、台灣光復，至今也已有百餘年的歷史了，目前延平老街內的「益生堂中西藥舖」，仍由第三代楊振溪先生經營，第四代的老三為了方便調製中藥配方之蜜餞，於是在「益生堂中西藥舖」對面開設「益生興蜜餞」賣起祖傳百年中藥配方的鹹酸甜。",週一~週日9:00~20:00,安平區,708 臺南市安平區延平街87號,-2231675,伴手好禮,美食,"['中藥', '配方', '遵古', '益生興', '蜜餞', '益生堂', '酸甜', '中西', '百年', '精心', '相傳', '吃藥', '正所謂', '良藥', '順利', '苦澀', '中藥行', '配藥', '甘草粉', '仙楂餅', '餅等', '這些', '作起', '新鮮', '研發', '中藥方', '不僅', '衛生', '獨樹', '老壽', '創立算', '歷經', '日據', '台灣光', '百餘年', '歷史', '楊振溪', '經營', '之蜜餞', '對面', '開設', '益生', '興蜜餞', '賣起', '祖傳', '苦口', '先生', '延平', '久之', '老街', '甜食', '一格', '下肚', '老三', '第四代', '街坊', '第三代', '口味', '看病', '生病', '梅子', '清末', '小孩', '水果', '生意', '自行', '系列', '方便', '不但', '健康', '已有', '更是', '加上', '然而', '以前', '得到', '而且', '一般', '因此', '一些', '目前']",伴手好禮
白河農會農民購物中心,嚴選天然蓮藕粉.藕香麵.香水蓮花茶,嚴選天然蓮藕粉.藕香麵.香水蓮花茶,週一~週六08:00–16:30，週日休息,白河區,732 臺南市白河區永安里三民路385號,-6830186,伴手好禮、農產好物,美食,"['嚴選', '藕粉', '花茶', '香水', '天然']",伴手好禮
安平小舖非油炸蝦餅創始店 Anping Shop,"《安平小舖非油蝦餅創始店》安平伴手禮‧鮮爆蝦餅、低糖手作牛軋糖、鳳梨酥還有各式口味的鮮爆蝦餅、果乾、蜜餞等，是您來到台南安平旅遊，不可錯過的伴手禮專賣店。

《府城安平小舖》為非油炸蝦餅創始人蔡震宇先生所研發，當初因緣際會以爆米餅所創新的非油炸蝦餅一炮而紅，成為現今遊客來安平必備的伴手禮，爾後更研發出遠近馳名的厚禮數精緻蝦餅(厚片)及櫻花蝦餅禮盒，2013年更擴大營運建立起安平地標 【安平小舖頂級龍蝦餅形象店】以高檔的裝潢，時尚的氛圍吸引著各地來遊玩的觀光客，當然還有純手工的牛軋糖及台灣之光造型鳳梨酥等商品，都為各大知名公司犒賞員工之禮物，安平小舖一直秉持著用料〝食食在在〞及為消費者著想的心來製作商品，爾後更會創新出不同的商品呈現在消費者面前，大家如果有來府城的話一定要來這-有府城第一味稱號的《安平小舖》。",,週一~週五10:00–18:30 週六~週日10:00–20:00,安平區,708 臺南市安平區安平路788號,-2235110,伴手好禮,美食,['nan'],伴手好禮
羽唐茶品國際有限公司,"羽唐茶品位於台南市北區公園路595-12號，一樓為直營門市，二樓規劃為品茶樓層，空間寬敞靜謐並擺設古文物及民俗工藝品，為了茶葉品質精純，於阿里山購置茶園，聘請在地專業人士專司種植、採收、製茶，如此才敢保證絕不混茶，台灣阿里山高山茶/禮盒，，嚴格控管每個環節，每批茶葉通過 SGS檢驗合格,，有產地認證標章，茶葉禮盒由名師設計，品味非凡，提供線上訂購、宅配、貨到付款及實體店面等方式滿足您的需求。",,週一~週六11:30–21:00，週日休息,北區,704 臺南市北區公園路595-12號,-2524738,伴手好禮、農產好物,美食,['nan'],伴手好禮
永興白曝蔭油,永興白曝蔭油為後壁區數十年來家喻戶曉的特產，百年老店承傳五代的技術與經驗，面對化學速成醬油低人力、低成本的競爭，仍堅持較高成本的純釀傳統，製作甘醇、不含化學香料、色素的古早味，由於係純黑豆天然手工釀成，所以越燉越香，絕非一般市售醬油可比。,"--「繪事後素，只要本質夠好，不需要多做修飾。」

　　永興醬油食品廠位於台南後壁，傳承五代百年的釀造經驗，嚴選優質黑豆、用心製麴，以陶缸古法純釀造，細心照料四至六個月後取出。因製麴技術純熟、發酵細心照料，不需假調味劑、香料、焦糖色素等添加物修飾色澤口感，天然琥珀色，香氣自然渾厚，天然回甘，保留食材原始的美味。
&nbsp;

．五代傳承，純黑豆古法釀造
　　永興醬油食品廠至今已至第五代，以傳承百年的釀造經驗，使用古法釀造黑豆蔭油。全廠皆為純黑豆釀製，無任何基因改造原料，不使用速成胺基酸液及黃豆醬油，堅持維持傳統純釀，製作甘醇美味、不含化學香料、焦糖色素、及調味劑的古早味，每一滴蔭油都承載著這片土地上許多的心血與經驗傳承。


．日曝夜露，四至六個月的守候
　　永興白曝蔭油精選合適的黑豆品種，使用圓潤飽滿、無農藥殘留、無黃麴毒素等條件的優質黑豆，洗淨、高壓蒸煮後拌入種麴，製麴之後，洗麴、保溫，加入鹽水或拌鹽下缸。水缸需置於室外，經過白天黑夜「日曝月露」發酵，時時觀察照料，守候四至六個月直至熟成，開缸取出蔭油，經過熬煮、蔗糖調味，再裝填包裝、高溫殺菌後完成。而其中長時間發酵的過程，需於室外「白日曝曬」，因而命名為「白曝蔭油」。


&nbsp;．原始的素樸之味，適合各式料理
　　永興白曝蔭油為純黑豆釀製，無混和黃豆醬油及化學醬油，無基因改造及麩質過敏問題。蔭油不添加調味劑，味道原始素樸，原料單純，能帶出食材原始的美味。適合用來清蒸、煮湯、涼拌及製作傳統飲食的醬料；用於燉滷可將香氣保留於食物裡，越燉越香；也可用於破布子、蔭瓜、菜心、蘿蔔等食材的醃製，相映出獨特的風味。蔭油膏鹹甜的口味適合沾食鹹粿、粽子或是燉滷料理。自缸中取出的蔭豉，未經壓榨，保留原始的甘醇香氣，味美鹹甘不膩，清蒸、拌炒，作為主菜或小菜皆十分下飯美味。
&nbsp;
&nbsp;
&nbsp;","每日8:00-11:30，13:30-17:00
（週末、年節照常營業）",後壁區,731 臺南市後壁區上茄苳104-26號,06-6881089,伴手好禮,購物,"['黑豆', '釀造', 'nbsp', '蔭油', '美味', '傳承', '經驗', '六個', '發酵', '調味劑', '食材', '曝蔭油', '原始', '四至', '焦糖', '照料', '甘醇', '修飾', '永興醬', '優質', '細心', '香氣', '豆醬', '永興白', '經過', '素樸', '適合', '清蒸', '古法', '取出', '保留', '室外', '守候', '色素', '料理', '香料', '百年', '基因', '五代', '使用', '改造', '天然', '陶缸', '菜心', '原料', '添加物', '含化', '--', '繪事後素', '本質夠', '廠位', '嚴選', '古法純', '需假', '色澤', '渾厚', '回甘', '已至', '以傳', '全廠', '胺基酸', '液及', '堅持', '維持', '傳統', '純釀', '古早味', '承載', '這片', '上許', '曝夜露', '精選合適', '品種', '圓潤', '飽滿', '無農藥', '殘留', '無黃', '條件', '洗淨', '高壓', '入種', '保溫', '鹽水', '需置', '曝月露', '時時', '觀察', '熟成', '開缸', '調味', '再裝', '包裝', '高溫', '殺菌', '時間', '過程', '曝曬', '油及', '化學醬', '麩質', '過敏', '問題', '單純', '能帶', '煮湯', '涼拌', '越燉', '越香', '蔭瓜', '出獨特', '風味', '沾食', '自缸', '蔭豉', '未經', '壓榨', '味美', '甘不膩', '作為', '下飯', '主菜', '食品', '琥珀色', '之味', '速成', '蒸煮', '相映', '油膏', '白天黑夜', '第五代', '破布', '合用', '台南', '小菜', '口感', '水缸', '各式', '白日', '粽子', '一滴', '蔗糖', '心血', '口味', '毒素', '用心', '添加', '味道', '命名', '直至']",伴手好禮
加南一作,,"農家子弟. 辛勤的農夫媽媽

鋤頭下的汗水. 成就餐桌上的故事

推廣台灣精緻農業，鄉村生活態度

偶爾散文，時而圖像，以輕鬆詼諧的方式

推廣台灣上好農作

Impressum
◆LINE ID：@farmergoods

◆Instagram：farmergoods

◆ EMAIL：jiananyizuo@gmail.com",,安平區,708 臺南市安平區運河路23巷23弄3號,0931-713718,伴手好禮、農產好物,美食,"['推廣台灣', 'farmergoods', '農家', '農夫', '媽媽', '鋤頭', '鄉村', '態度', '偶爾', '時而圖', '農作', 'Impressum', 'LINE', 'ID', 'Instagram', 'EMAIL', 'jiananyizuo', 'gmail', 'com', '餐桌上', '辛勤', '汗水', '散文', '子弟', '成就', '故事', '方式', '生活']",伴手好禮
阿嬤的珍藏,,"
阿嬤的珍藏-台南名產伴手禮 | 人氣團購美食 | 法式甜點 | 夏威夷豆塔、堅果塔

【台灣南部的阿嬤，擁抱世界的心意】
來自台灣南部的「阿嬤的珍藏」，從年少就堅持到底的製菓初心，
秉持「誠食好味、天然安心」的心意，我們期盼延續阿嬤的無比堅持，
用深刻動人的手作情感、安心食材的自我苛求，
就只為了把全世界最美好的滋味和著阿嬤年代的純粹心意，遞送給你。




&nbsp;",,仁德區,717 臺南市仁德區文華路三段428巷111號,65115188,伴手好禮,美食,"['心意', '阿嬤', '堅持', '珍藏', '安心', '名產伴', '手禮', '人氣', '團購', '甜點', '豆塔', '堅果', '台灣', '擁抱', '自台灣', '誠食', '好味', '延續', '動人', '手作', '食材', '純粹', '遞送給', 'nbsp', '南部', '法式', '秉持', '苛求', '年少', '台南', '美食', '夏威夷', '期盼', '滋味', '美好', '情感', '自我', '全世界', '深刻', '天然', '到底', '年代', '世界']",伴手好禮
樂樂屋,,"位於台南中西區保安路上的老宅。
販售日式手工琥珀糖-品牌名為綺楽糖、日式雜貨以及台南在地手作職人的手作品。",下午2點到7點，不定店休。,中西區,700 臺南市中西區保安路111號,963293907,伴手好禮,美食,"['日式', '台南', '販售', '名為', '雜貨', '手作', '職人', '老宅', '琥珀', '中西', '保安', '手工', '路上', '品牌', '作品', '以及']",伴手好禮
安心餐廳-臻品周氏泡菜,,"臻品周氏泡菜 : 黃金亞麻籽泡菜的價值
主廚以多年在餐飲界習得專業技術,研發出特製黃金亞麻籽醬汁,結合在地蔬菜,改良為一階農特產加工品,藉以來提升農產經濟價值,機能,養身,健康,低碳環保,經過了多年改良與開發,2010年臻品周氏泡菜正式在各式開發產品中加入黃金亞麻仁籽醬與香辣芝麻原醬的技術來提升產品,成功詮釋黃金泡菜的營養價值。
我們創造泡菜新食法改善泡菜醬汁的調合成份~加入了導粹提煉成醬的亞麻籽醬讓我們以最平凡的食材~帶給你最不凡的價值-健康養身-低碳環保",,東區,701 臺南市東區東安路258號,06-2002691,伴手好禮、安心餐廳,美食,"['泡菜', '價值', '技術', '養身', '低碳', '環保', '改良', '麻仁', '加入', '品周氏', '金亞麻籽', '主廚', '飲界習', '專業', '研發出', '結合', '一階農特產', '農產', '經濟', '機能', '經過', '開發', '2010', '年臻品', '開發產品', '金亞', '籽醬', '原醬', '產品', '詮釋', '營養', '創造', '新食法', '醬汁', '導粹', '提煉', '成醬', '亞麻籽', '食材', '帶給', '健康', '香辣', '周氏', '多年', '提升', '藉以', '加工品', '各式', '不凡', '平凡', '芝麻', '合成', '蔬菜', '改善', '成功', '正式']",伴手好禮
安心餐廳-勇發農場,,"臺南麻豆位於嘉南平原的中央地帶，地理上南有曾文溪流過，因屬於沖積平原故土壤內含高量礦物質而肥沃，主要栽培的果樹有文旦、白柚、酪梨等，最具代表性的為文旦，自古有「柚城」的稱呼，勇發果園即座落此區。
為了草生栽培維持良好生態，不施用除草劑只能以人工作業，將每一棵果樹編號，記錄其土壤、水分、肥培、病蟲害、生長勢及結果品質，細心地將每一棵果樹當作自己的小孩看待。
每一棵柚子樹都細心地修剪枝，宛如迷宮般蜿蜒的樹枝，卻藏著一種規律的樹勢。天然有機肥料與土壤益生菌培養，讓每一棵柚子都能結在結果枝上，以確保能夠吸取到葉片光合作用回留的養分。蓄積能量後而展現出淡雅的柚香味，口感軟韌、甜而多汁的果肉，尾韻微酸而喉韻回甘。",,麻豆區,721 臺南市麻豆區安業里安業252-19號,06-5711981,伴手好禮、農產好物、安心餐廳,美食,"['一棵', '文旦', '將每', '果樹', '柚子', '土壤', '心地', '栽培', '益生菌', '麻豆', '果枝', '平原', '地帶', '上南', '流過', '因屬', '內含', '高量', '礦物質', '果樹有', '白柚', '柚城', '稱呼', '勇發', '果園', '此區', '草生', '維持', '生態', '以人', '編號', '記錄', '肥培', '病蟲害', '生長', '勢及', '當作', '樹都細', '迷宮般', '樹枝', '一種', '規律', '樹勢', '有機', '培養', '結在結', '以確', '保能夠', '葉片', '回留', '養分', '蓄積', '而展', '現出', '軟韌', '尾韻', '喉韻', '回甘', '嘉南', '微酸', '座落', '曾文溪', '除草', '果肉', '修剪', '淡雅', '多汁', '口感', '施用', '宛如', '光合作用', '果品', '肥料', '蜿蜒', '香味', '吸取', '最具', '肥沃', '小孩', '代表性', '水分', '看待', '自古', '地理', '能量', '天然', '良好', '只能', '中央', '工作', '自己', '主要']",伴手好禮
安心餐廳-得意蝦餅,,"來自小吃之都臺南安平的得意蝦餅,創立於1971年。
選用當地安平沿海一帶劍蝦.鐵釘蝦.火燒蝦.大頭蝦&hellip;等野生鮮蝦所製成在加上特製天然工法，無防腐劑及人工添加物，蝦味不僅濃郁還散發一種天然香氣，讓遠道而來的饕客吃過都會回味無窮一片接著一片，不僅通過SGS及南市衛生局檢驗，也榮獲2007、2010府城十大伴手禮入圍獎，榮獲2010府城在地美食獎、榮獲2011府城十大伴手禮。蝦餅不僅有鮮蝦海味，而且完全沒有油味，統一油炸包裝管理，品質讓人放心！口味多樣化，另有非油炸系列可供選擇，讓您買得安心吃得更開心。","平日：週一至週五上午 10:00至晚上 07:00
假日：週六、週日上午 10:00至晚上 08:00",安平區,708 臺南市安平區安平路123號,06-2205858,伴手好禮、安心餐廳,美食,"['不僅', '榮獲', '府城', '蝦餅', '鮮蝦', '2010', '油炸', '十大', '天然', '添加物', '創立', '1971', '選用', '當地', '一帶', '鐵釘', '火燒', '大頭', 'hellip', '工法', '劑及', '蝦味', '濃郁', '還散', '發一種', '香氣', '遠道', '客吃過', '無窮', '接著', '通過', 'SGS', '衛生局', '檢驗', '2007', '伴手', '禮入', '圍獎', '2011', '伴手禮', '沒有', '油味', '統一', '包裝', '品質', '多樣化', '選擇', '開心', '南市', '一片', '海味', '安平', '小吃', '回味', '防腐', '南安', '美食', '口味', '野生', '安心', '得意', '可供', '人工', '系列', '沿海', '放心', '加上', '完全', '管理', '而且']",伴手好禮
安心餐廳-黑橋牌-戎舘,,"「黑橋牌」在地六十多年，傳承上一代的原汁原味，創造新時代的獨特品味。最引以為傲的台灣NO.1香腸，是大人小孩記憶裡的經典家鄉味！除了新創多種風味香腸，如豆腐香腸、墨魚香腸和章魚燒香腸，更將香腸入餡在各種中式點心，如香腸肉包、香腸豬肉餡餅和香腸蘿蔔糕，更多讓人垂涎的美味，等你來探索！&nbsp;
「戎館」1935年坐落於田町(今中正路、國華街口現址)，前身為位於錦町的「戎座(1912-1934)」(約在現今民生路一段巷內)。1945年光復後更名為「赤崁戲院」，營運至1961年歇業。「戎」字代表「戎神(惠比壽神)」，為日本傳統七福神之一，保佑漁業豐收、財運昌隆。戎舘以此命名反映出當時離鄉的日本人，將傳統信仰融入台灣生活的精神象徵。
2020年黑橋牌啟動整修，盡力保存舊有的建築軌跡，例如頂樓特殊的女兒牆、內部沿用舊時代的圓柱等，用心地復刻出戎館當年的風貌。一樓除了作為黑橋牌門市外，也邀集特色商家進駐；二樓則作為藝文展覽、表演空間、圖書閱覽、用餐座席等多元運用，以新的姿態再次展現戎舘的風華絕代。",,中西區,700 臺南市中西區中正路220號,06-2295248,伴手好禮、安心餐廳,美食,"['香腸', '黑橋牌', '台灣', '戎館', '作為', '肉包', '年光', '福神', '傳承上', '創造', '時代', '獨特', '最引以', '為傲', 'NO.1', '記憶裡', '經典家', '鄉味', '創多種', '風味', '墨魚', '章魚', '燒香腸', '更將', '香腸入', '各種', '點心', '如香腸', '豬肉', '餡餅', '香腸蘿', 'nbsp', '1935', '中正路', '國華', '現址', '為位', '戎座', '1912', '1934', '現今', '巷內', '1945', '戲院', '營運至', '1961', '年歇業', '戎神', '惠比壽神', '傳統', '漁業', '豐收', '財運昌隆', '出當時', '離鄉', '將傳統', '象徵', '2020', '啟動', '盡力', '舊有', '建築', '軌跡', '頂樓', '女兒', '內部', '舊時代', '圓柱', '當年', '風貌', '一樓', '黑橋', '牌門', '進駐', '二樓則', '藝文展覽', '空間', '圖書', '閱覽', '運用', '以新', '姿態', '展現', '民生路', '六十多年', '座席', '刻出', '市外', '邀集', '原汁原味', '除了', '垂涎', '日本', '中式', '街口', '用餐', '品味', '美味', '整修', '坐落', '融入', '保佑', '用心', '商家', '沿用', '豆腐', '多元', '更名', '前身', '小孩', '信仰', '一代', '表演', '命名', '探索', '以此', '特色', '保存', '一段', '大人', '特殊', '精神', '例如', '再次', '反映', '代表', '之一', '生活']",伴手好禮
安心餐廳-晉發米穀商店,,晉發米穀商店自1872年經營至今，店內有一台已有百年歷史的古早碾米機，保存完整。我們傳承米店百年的使命，為民眾提供生活所需的好米穀，讓米店成為米食文化教育場域。,,新化區,712 臺南市新化區中正路439號,06-5907232,伴手好禮、農產好物、安心餐廳,美食,"['米店', '百年', '晉發米', '1872', '經營', '店內', '歷史', '古早', '傳承', '為民眾', '成為', '場域', '碾米', '文化教育', '商店', '使命', '一台', '完整', '保存', '已有', '提供', '生活']",伴手好禮
安心餐廳-魚魚共好,,"為消費者尋找品質優良的海鮮產品，響應慢魚運動，&lt;吃在地&gt;&lt;吃當季&gt;精神，依季節推廣最在地的台灣海味。
走訪台灣漁村深入探討各地文史背景，創造草根在地的海洋文化生命力!",,安南區,709 臺南市安南區慶安路115巷63號,965255271,伴手好禮、農產好物、安心餐廳,美食,"['lt', 'gt', '台灣', '消費者', '尋找', '品質', '優良', '海鮮產品', '響應', '慢魚', '運動', '當季', '依季節', '推廣', '走訪', '漁村', '探討', '創造', '海味', '草根', '文史', '生命力', '海洋', '深入', '背景', '各地', '精神', '文化']",伴手好禮
安心餐廳-晒港黑芝麻,,"我們提供無毒、友善耕作、產銷履歷，100%純粹『台南西港』在地生產、加工的黑芝麻相關產品。
也提供有關於西港農特產的食農教育體驗與流程。",,西港區,723 臺南市西港區八份58號,0989-784716,伴手好禮、農產好物、安心餐廳,美食,"['西港', '無毒', '產銷', '履歷', '100%', '純粹', '生產', '相關', '產品', '有關', '農特產', '食農', '體驗', '黑芝麻', '台南', '友善', '提供', '耕作', '流程', '加工', '教育']",伴手好禮
安心餐廳-柚の鄉,,在地麻豆文旦,,麻豆區,721 臺南市麻豆區油車里新生北路56號,06-5722007,伴手好禮、農產好物、安心餐廳,美食,['麻豆文旦'],伴手好禮
安心餐廳-官農柑仔店,,"官田區農會生鮮超市
咱生活的好厝邊",,官田區,720 臺南市官田區隆田里文化街23之2號,06-5791221,伴手好禮、農產好物、柑仔店、安心餐廳,美食,"['區農會', '生鮮', '好厝邊', '官田', '超市', '生活']",伴手好禮
